from,to
HayekSalma,Hummingbird
HayekSalma,Hitman 
HayekSalma,Hour
HayekSalma,LatinLover
HayekSalma,Beatrix
HayekSalma,SeptembersShiraz
HayekSalma,TaleTales 
HayekSalma,KindBeautiful 
HayekSalma,Everly 
HayekSalma,MuppetsWanted
HayekSalma,Ferite
HayekSalma,GrownUps2 
HayekSalma,Boom 
HayekSalma,Savages
HayekSalma,ChispaVida
HayekSalma,PussBoots
HayekSalma,Americano 
HayekSalma,GrownUps
HayekSalma,CirqueFreak
HayekSalma,Universe
HayekSalma,LonelyHearts
HayekSalma,AskDust 
HayekSalma,Bandidas
HayekSalma,AfterSunset
HayekSalma,OnceMexico
HayekSalma,MiVidaLoca
HayekSalma,Roadracers
HayekSalma,CherryStreet
HayekSalma,Callejon
HayekSalma,Desperado
HayekSalma,FourRooms
HayekSalma,FairGame
HayekSalma,Dusk
HayekSalma,Fled
HayekSalma,FollowMeHome
HayekSalma,Fools
HayekSalma,Hunchback
HayekSalma,BreakingUp
HayekSalma,54
HayekSalma,Velocity
HayekSalma,Hollywood
HayekSalma,TheFaculty
HayekSalma,Dogma
HayekSalma,Coronel
HayekSalma,Wild
HayekSalma,Timecode
HayekSalma,Chain
HayekSalma,GranVida
HayekSalma,Traffic
HayekSalma,R
HayekSalma,Butterflies
HayekSalma,Frida
HayekSalma,SpyKids
,
JolieAngelina,LookinOut
JolieAngelina,Cyborg2
JolieAngelina,Hackers
JolieAngelina,WithoutEvidence
JolieAngelina,LoveIsAll
JolieAngelina,Foxfire
JolieAngelina,MojaveMoon
JolieAngelina,TrueWomen
JolieAngelina,GeorgeWallace
JolieAngelina,PlayingGod
JolieAngelina,Gia
JolieAngelina,HellsKitchen
JolieAngelina,PlayingByHeart
JolieAngelina,PushingTin
JolieAngelina,BoneCollector
JolieAngelina,GirlInterrupted
JolieAngelina,GoneSixtySec
JolieAngelina,LaraCroftTombRaider
JolieAngelina,OriginalSin
JolieAngelina,LifeOrSomething
JolieAngelina,LaraCroftTombRaider2
JolieAngelina,BeyondBorders
JolieAngelina,TakingLives
JolieAngelina,SkyCaptain
JolieAngelina,SharkTale
JolieAngelina,TheFever
JolieAngelina,Alexander
JolieAngelina,MrMrsSmith
JolieAngelina,TheGoodShepherd
JolieAngelina,AMightyHeart
JolieAngelina,Beowulf
JolieAngelina,KungFuPanda
JolieAngelina,Changeling
JolieAngelina,Wanted
JolieAngelina,Salt
JolieAngelina,TheTourist
JolieAngelina,KungFuPanda2
JolieAngelina,Maleficent
JolieAngelina,ByTheSea
JolieAngelina,KungFuPanda3
,
GwynethPaltrow,High
GwynethPaltrow,Shout
GwynethPaltrow,Hook
GwynethPaltrow,DeadlyRelations
GwynethPaltrow,Malice
GwynethPaltrow,FleshBone
GwynethPaltrow,MrsParker
GwynethPaltrow,Jefferson
GwynethPaltrow,Seven
GwynethPaltrow,Moonlight
GwynethPaltrow,Sydney
GwynethPaltrow,Pallbearer
GwynethPaltrow,Emma
GwynethPaltrow,SlidingDoors
GwynethPaltrow,GreatExpectations
GwynethPaltrow,PerfectMurder
GwynethPaltrow,Hush
GwynethPaltrow,Shakespeare
GwynethPaltrow,Ripley
GwynethPaltrow,Duets
GwynethPaltrow,Bounce
GwynethPaltrow,AnniversaryParty
GwynethPaltrow,Tenenbaums
GwynethPaltrow,ShallowHal
GwynethPaltrow,Goldmember
GwynethPaltrow,Possession
GwynethPaltrow,ViewTop
GwynethPaltrow,Sylvia
GwynethPaltrow,SkyCaptain
GwynethPaltrow,Proof
GwynethPaltrow,Infamous
GwynethPaltrow,LoveDisasters
GwynethPaltrow,Running
GwynethPaltrow,GoodNight
GwynethPaltrow,IronMan1
GwynethPaltrow,TwoLovers
GwynethPaltrow,PashmyDream
GwynethPaltrow,IronMan2
GwynethPaltrow,CountryStrong
GwynethPaltrow,Contageon
GwynethPaltrow,TheAvengers
GwynethPaltrow,ThanksSharing
GwynethPaltrow,Mortdecai
GwynethPaltrow,SpidermanHomecoming
GwynethPaltrow,AvengersInfinity
HayekSalma,Bandidas